<?xml version="1.0" encoding="UTF-8" standalone="yes"?>
<faces-config xmlns="http://xmlns.jcp.org/xml/ns/javaee" xmlns:xsi="http://www.w3.org/2001/XMLSchema-instance" version="2.2" xsi:schemaLocation="http://xmlns.jcp.org/xml/ns/javaee http://xmlns.jcp.org/xml/ns/javaee/web-facesconfig_2_2.xsd">

    <application>
        <locale-config>
            <default-locale>en</default-locale>
        </locale-config>
        <resource-bundle>
            <base-name>Messages</base-name>
            <var>i18n</var>
        </resource-bundle>
    </application>
</faces-config>